{
  "op": "naive_bayes",
  "attributes": {
    "pi": {
      "type": {
        "type": "tensor",
        "tensor": {
          "base": "double"
        }
      },
      "value": {
        "values": [0.0],
        "dimensions": [1]
      }
    },
    "num_classes": {
      "type": "long",
      "value": 1
    },
    "theta": {
      "type": {
        "type": "tensor",
        "tensor": {
          "base": "double"
        }
      },
      "value": {
        "values": [0.0],
        "dimensions": [1, 1]
      }
    },
    "model_type": {
      "type": "string",
      "value": "multinomial"
    },
    "num_features": {
      "type": "long",
      "value": 1
    }
  }
}