{
  "op": "generalized_linear_regression",
  "attributes": {
    "coefficients": {
      "type": {
        "type": "tensor",
        "tensor": {
          "base": "double"
        }
      },
      "value": {
        "values": [0.641492430082025, 0.4283855555951385, 0.767723293335758, 0.1898169953700981, 0.2372585207625398, 0.25432555753420727, 0.0000070059062580614325],
        "dimensions": [7]
      }
    },
    "intercept": {
      "type": "double",
      "value": 8.998086529680654
    },
    "family": {
      "type": "string",
      "value": "gaussian"
    },
    "link": {
      "type": "string",
      "value": "log"
    }
  }
}