{
  "op": "count_vectorizer",
  "attributes": {
    "vocabulary": {
      "type": {
        "type": "list",
        "base": "string"
      },
      "value": ["consolidation", "debt", "other", "payoff", "credit", "card", "home/home", "improvement", "loan", "car", "payment/loan", "business", "health/medical", "moving", "wedding/engagement", "vacation", "college", "renewable", "energy", "personal", "bills", "motorcycle", "rent", "payment", "electronics", "boat", "pool"]
    },
    "binary": {
      "type": "boolean",
      "value": false
    },
    "min_tf": {
      "type": "double",
      "value": 1.0
    }
  }
}