{
  "op": "aft_survival_regression",
  "attributes": {
    "coefficients": {
      "type": {
        "type": "tensor",
        "tensor": {
          "base": "double"
        }
      },
      "value": {
        "values": [0.6051766016739026, 0.4043808219652912, 0.7265922595270808, 0.18093984450802844, 0.22892369030662263, 0.37322000054374255, 0.000017875179353772652],
        "dimensions": [7]
      }
    },
    "intercept": {
      "type": "double",
      "value": 9.068072245134012
    },
    "quantile_probabilities": {
      "type": {
        "type": "list",
        "base": "double"
      },
      "value": [0.01, 0.05, 0.1, 0.25, 0.5, 0.75, 0.9, 0.95, 0.99]
    },
    "scale": {
      "type": "double",
      "value": 0.8677864328374384
    }
  }
}